[{"model": "admin.logentry", "pk": 1, "fields": {"action_time": "2023-06-14T07:59:00.794Z", "user": 1, "content_type": 14, "object_id": "2", "object_repr": "tester001", "action_flag": 1, "change_message": "[{\"added\": {}}]"}}, {"model": "admin.logentry", "pk": 2, "fields": {"action_time": "2023-06-14T07:59:12.404Z", "user": 1, "content_type": 14, "object_id": "2", "object_repr": "tester001", "action_flag": 2, "change_message": "[]"}}, {"model": "admin.logentry", "pk": 3, "fields": {"action_time": "2023-06-14T07:59:36.470Z", "user": 1, "content_type": 14, "object_id": "3", "object_repr": "tester002", "action_flag": 1, "change_message": "[{\"added\": {}}]"}}, {"model": "admin.logentry", "pk": 4, "fields": {"action_time": "2023-06-14T07:59:38.162Z", "user": 1, "content_type": 14, "object_id": "3", "object_repr": "tester002", "action_flag": 2, "change_message": "[]"}}, {"model": "admin.logentry", "pk": 5, "fields": {"action_time": "2023-06-14T07:59:55.933Z", "user": 1, "content_type": 14, "object_id": "4", "object_repr": "tester003", "action_flag": 1, "change_message": "[{\"added\": {}}]"}}, {"model": "admin.logentry", "pk": 6, "fields": {"action_time": "2023-06-14T07:59:57.655Z", "user": 1, "content_type": 14, "object_id": "4", "object_repr": "tester003", "action_flag": 2, "change_message": "[]"}}, {"model": "admin.logentry", "pk": 7, "fields": {"action_time": "2023-06-14T08:00:05.474Z", "user": 1, "content_type": 14, "object_id": "5", "object_repr": "tester004", "action_flag": 1, "change_message": "[{\"added\": {}}]"}}, {"model": "admin.logentry", "pk": 8, "fields": {"action_time": "2023-06-14T08:00:07.360Z", "user": 1, "content_type": 14, "object_id": "5", "object_repr": "tester004", "action_flag": 2, "change_message": "[]"}}, {"model": "admin.logentry", "pk": 9, "fields": {"action_time": "2023-06-14T08:00:20.435Z", "user": 1, "content_type": 14, "object_id": "6", "object_repr": "tester005", "action_flag": 1, "change_message": "[{\"added\": {}}]"}}, {"model": "admin.logentry", "pk": 10, "fields": {"action_time": "2023-06-14T08:00:23.222Z", "user": 1, "content_type": 14, "object_id": "6", "object_repr": "tester005", "action_flag": 2, "change_message": "[]"}}, {"model": "admin.logentry", "pk": 11, "fields": {"action_time": "2023-06-14T08:00:31.561Z", "user": 1, "content_type": 14, "object_id": "7", "object_repr": "tester006", "action_flag": 1, "change_message": "[{\"added\": {}}]"}}, {"model": "admin.logentry", "pk": 12, "fields": {"action_time": "2023-06-14T08:00:33.065Z", "user": 1, "content_type": 14, "object_id": "7", "object_repr": "tester006", "action_flag": 2, "change_message": "[]"}}, {"model": "admin.logentry", "pk": 13, "fields": {"action_time": "2023-06-14T08:00:41.143Z", "user": 1, "content_type": 14, "object_id": "8", "object_repr": "tester007", "action_flag": 1, "change_message": "[{\"added\": {}}]"}}, {"model": "admin.logentry", "pk": 14, "fields": {"action_time": "2023-06-14T08:00:42.906Z", "user": 1, "content_type": 14, "object_id": "8", "object_repr": "tester007", "action_flag": 2, "change_message": "[]"}}, {"model": "admin.logentry", "pk": 15, "fields": {"action_time": "2023-06-14T08:00:49.922Z", "user": 1, "content_type": 14, "object_id": "9", "object_repr": "tester008", "action_flag": 1, "change_message": "[{\"added\": {}}]"}}, {"model": "admin.logentry", "pk": 16, "fields": {"action_time": "2023-06-14T08:00:52.088Z", "user": 1, "content_type": 14, "object_id": "9", "object_repr": "tester008", "action_flag": 2, "change_message": "[]"}}, {"model": "admin.logentry", "pk": 17, "fields": {"action_time": "2023-06-14T08:01:00.555Z", "user": 1, "content_type": 14, "object_id": "10", "object_repr": "tester009", "action_flag": 1, "change_message": "[{\"added\": {}}]"}}, {"model": "admin.logentry", "pk": 18, "fields": {"action_time": "2023-06-14T08:01:01.994Z", "user": 1, "content_type": 14, "object_id": "10", "object_repr": "tester009", "action_flag": 2, "change_message": "[]"}}, {"model": "admin.logentry", "pk": 19, "fields": {"action_time": "2023-06-14T08:01:09.102Z", "user": 1, "content_type": 14, "object_id": "11", "object_repr": "tester010", "action_flag": 1, "change_message": "[{\"added\": {}}]"}}, {"model": "admin.logentry", "pk": 20, "fields": {"action_time": "2023-06-14T08:01:10.863Z", "user": 1, "content_type": 14, "object_id": "11", "object_repr": "tester010", "action_flag": 2, "change_message": "[]"}}, {"model": "admin.logentry", "pk": 21, "fields": {"action_time": "2023-06-14T08:01:24.336Z", "user": 1, "content_type": 14, "object_id": "2", "object_repr": "tester001", "action_flag": 2, "change_message": "[]"}}, {"model": "admin.logentry", "pk": 22, "fields": {"action_time": "2023-06-14T08:24:00.452Z", "user": 1, "content_type": 14, "object_id": "10", "object_repr": "tester009", "action_flag": 2, "change_message": "[{\"changed\": {\"fields\": [\"Nickname\"]}}]"}}, {"model": "admin.logentry", "pk": 23, "fields": {"action_time": "2023-06-14T08:24:13.197Z", "user": 1, "content_type": 14, "object_id": "11", "object_repr": "tester010", "action_flag": 2, "change_message": "[{\"changed\": {\"fields\": [\"Nickname\"]}}]"}}, {"model": "admin.logentry", "pk": 24, "fields": {"action_time": "2023-06-14T08:24:15.737Z", "user": 1, "content_type": 14, "object_id": "10", "object_repr": "tester009", "action_flag": 2, "change_message": "[]"}}, {"model": "admin.logentry", "pk": 25, "fields": {"action_time": "2023-06-14T08:24:26.019Z", "user": 1, "content_type": 14, "object_id": "9", "object_repr": "tester008", "action_flag": 2, "change_message": "[{\"changed\": {\"fields\": [\"Nickname\"]}}]"}}, {"model": "admin.logentry", "pk": 26, "fields": {"action_time": "2023-06-14T08:24:29.891Z", "user": 1, "content_type": 14, "object_id": "9", "object_repr": "tester008", "action_flag": 2, "change_message": "[]"}}, {"model": "admin.logentry", "pk": 27, "fields": {"action_time": "2023-06-14T08:24:40.199Z", "user": 1, "content_type": 14, "object_id": "8", "object_repr": "tester007", "action_flag": 2, "change_message": "[{\"changed\": {\"fields\": [\"Nickname\"]}}]"}}, {"model": "admin.logentry", "pk": 28, "fields": {"action_time": "2023-06-14T08:24:44.080Z", "user": 1, "content_type": 14, "object_id": "8", "object_repr": "tester007", "action_flag": 2, "change_message": "[]"}}, {"model": "admin.logentry", "pk": 29, "fields": {"action_time": "2023-06-14T08:24:55.161Z", "user": 1, "content_type": 14, "object_id": "7", "object_repr": "tester006", "action_flag": 2, "change_message": "[{\"changed\": {\"fields\": [\"Nickname\"]}}]"}}, {"model": "admin.logentry", "pk": 30, "fields": {"action_time": "2023-06-14T08:25:07.768Z", "user": 1, "content_type": 14, "object_id": "6", "object_repr": "tester005", "action_flag": 2, "change_message": "[{\"changed\": {\"fields\": [\"Nickname\"]}}]"}}, {"model": "admin.logentry", "pk": 31, "fields": {"action_time": "2023-06-14T08:25:16.957Z", "user": 1, "content_type": 14, "object_id": "5", "object_repr": "tester004", "action_flag": 2, "change_message": "[{\"changed\": {\"fields\": [\"Nickname\"]}}]"}}, {"model": "admin.logentry", "pk": 32, "fields": {"action_time": "2023-06-14T08:25:26.225Z", "user": 1, "content_type": 14, "object_id": "4", "object_repr": "tester003", "action_flag": 2, "change_message": "[{\"changed\": {\"fields\": [\"Nickname\"]}}]"}}, {"model": "admin.logentry", "pk": 33, "fields": {"action_time": "2023-06-14T08:25:36.451Z", "user": 1, "content_type": 14, "object_id": "3", "object_repr": "tester002", "action_flag": 2, "change_message": "[{\"changed\": {\"fields\": [\"Nickname\"]}}]"}}, {"model": "admin.logentry", "pk": 34, "fields": {"action_time": "2023-06-14T08:25:46.421Z", "user": 1, "content_type": 14, "object_id": "2", "object_repr": "tester001", "action_flag": 2, "change_message": "[{\"changed\": {\"fields\": [\"Nickname\"]}}]"}}, {"model": "auth.permission", "pk": 1, "fields": {"name": "Can add log entry", "content_type": 1, "codename": "add_logentry"}}, {"model": "auth.permission", "pk": 2, "fields": {"name": "Can change log entry", "content_type": 1, "codename": "change_logentry"}}, {"model": "auth.permission", "pk": 3, "fields": {"name": "Can delete log entry", "content_type": 1, "codename": "delete_logentry"}}, {"model": "auth.permission", "pk": 4, "fields": {"name": "Can view log entry", "content_type": 1, "codename": "view_logentry"}}, {"model": "auth.permission", "pk": 5, "fields": {"name": "Can add permission", "content_type": 2, "codename": "add_permission"}}, {"model": "auth.permission", "pk": 6, "fields": {"name": "Can change permission", "content_type": 2, "codename": "change_permission"}}, {"model": "auth.permission", "pk": 7, "fields": {"name": "Can delete permission", "content_type": 2, "codename": "delete_permission"}}, {"model": "auth.permission", "pk": 8, "fields": {"name": "Can view permission", "content_type": 2, "codename": "view_permission"}}, {"model": "auth.permission", "pk": 9, "fields": {"name": "Can add group", "content_type": 3, "codename": "add_group"}}, {"model": "auth.permission", "pk": 10, "fields": {"name": "Can change group", "content_type": 3, "codename": "change_group"}}, {"model": "auth.permission", "pk": 11, "fields": {"name": "Can delete group", "content_type": 3, "codename": "delete_group"}}, {"model": "auth.permission", "pk": 12, "fields": {"name": "Can view group", "content_type": 3, "codename": "view_group"}}, {"model": "auth.permission", "pk": 13, "fields": {"name": "Can add content type", "content_type": 4, "codename": "add_contenttype"}}, {"model": "auth.permission", "pk": 14, "fields": {"name": "Can change content type", "content_type": 4, "codename": "change_contenttype"}}, {"model": "auth.permission", "pk": 15, "fields": {"name": "Can delete content type", "content_type": 4, "codename": "delete_contenttype"}}, {"model": "auth.permission", "pk": 16, "fields": {"name": "Can view content type", "content_type": 4, "codename": "view_contenttype"}}, {"model": "auth.permission", "pk": 17, "fields": {"name": "Can add session", "content_type": 5, "codename": "add_session"}}, {"model": "auth.permission", "pk": 18, "fields": {"name": "Can change session", "content_type": 5, "codename": "change_session"}}, {"model": "auth.permission", "pk": 19, "fields": {"name": "Can delete session", "content_type": 5, "codename": "delete_session"}}, {"model": "auth.permission", "pk": 20, "fields": {"name": "Can view session", "content_type": 5, "codename": "view_session"}}, {"model": "auth.permission", "pk": 21, "fields": {"name": "Can add editor", "content_type": 6, "codename": "add_editor"}}, {"model": "auth.permission", "pk": 22, "fields": {"name": "Can change editor", "content_type": 6, "codename": "change_editor"}}, {"model": "auth.permission", "pk": 23, "fields": {"name": "Can delete editor", "content_type": 6, "codename": "delete_editor"}}, {"model": "auth.permission", "pk": 24, "fields": {"name": "Can view editor", "content_type": 6, "codename": "view_editor"}}, {"model": "auth.permission", "pk": 25, "fields": {"name": "Can add post_bootscamp", "content_type": 7, "codename": "add_post_bootscamp"}}, {"model": "auth.permission", "pk": 26, "fields": {"name": "Can change post_bootscamp", "content_type": 7, "codename": "change_post_bootscamp"}}, {"model": "auth.permission", "pk": 27, "fields": {"name": "Can delete post_bootscamp", "content_type": 7, "codename": "delete_post_bootscamp"}}, {"model": "auth.permission", "pk": 28, "fields": {"name": "Can view post_bootscamp", "content_type": 7, "codename": "view_post_bootscamp"}}, {"model": "auth.permission", "pk": 29, "fields": {"name": "Can add tag", "content_type": 8, "codename": "add_tag"}}, {"model": "auth.permission", "pk": 30, "fields": {"name": "Can change tag", "content_type": 8, "codename": "change_tag"}}, {"model": "auth.permission", "pk": 31, "fields": {"name": "Can delete tag", "content_type": 8, "codename": "delete_tag"}}, {"model": "auth.permission", "pk": 32, "fields": {"name": "Can view tag", "content_type": 8, "codename": "view_tag"}}, {"model": "auth.permission", "pk": 33, "fields": {"name": "Can add post_image", "content_type": 9, "codename": "add_post_image"}}, {"model": "auth.permission", "pk": 34, "fields": {"name": "Can change post_image", "content_type": 9, "codename": "change_post_image"}}, {"model": "auth.permission", "pk": 35, "fields": {"name": "Can delete post_image", "content_type": 9, "codename": "delete_post_image"}}, {"model": "auth.permission", "pk": 36, "fields": {"name": "Can view post_image", "content_type": 9, "codename": "view_post_image"}}, {"model": "auth.permission", "pk": 37, "fields": {"name": "Can add post_community", "content_type": 10, "codename": "add_post_community"}}, {"model": "auth.permission", "pk": 38, "fields": {"name": "Can change post_community", "content_type": 10, "codename": "change_post_community"}}, {"model": "auth.permission", "pk": 39, "fields": {"name": "Can delete post_community", "content_type": 10, "codename": "delete_post_community"}}, {"model": "auth.permission", "pk": 40, "fields": {"name": "Can view post_community", "content_type": 10, "codename": "view_post_community"}}, {"model": "auth.permission", "pk": 41, "fields": {"name": "Can add community_image", "content_type": 11, "codename": "add_community_image"}}, {"model": "auth.permission", "pk": 42, "fields": {"name": "Can change community_image", "content_type": 11, "codename": "change_community_image"}}, {"model": "auth.permission", "pk": 43, "fields": {"name": "Can delete community_image", "content_type": 11, "codename": "delete_community_image"}}, {"model": "auth.permission", "pk": 44, "fields": {"name": "Can view community_image", "content_type": 11, "codename": "view_community_image"}}, {"model": "auth.permission", "pk": 45, "fields": {"name": "Can add comment", "content_type": 12, "codename": "add_comment"}}, {"model": "auth.permission", "pk": 46, "fields": {"name": "Can change comment", "content_type": 12, "codename": "change_comment"}}, {"model": "auth.permission", "pk": 47, "fields": {"name": "Can delete comment", "content_type": 12, "codename": "delete_comment"}}, {"model": "auth.permission", "pk": 48, "fields": {"name": "Can view comment", "content_type": 12, "codename": "view_comment"}}, {"model": "auth.permission", "pk": 49, "fields": {"name": "Can add editor", "content_type": 13, "codename": "add_editor"}}, {"model": "auth.permission", "pk": 50, "fields": {"name": "Can change editor", "content_type": 13, "codename": "change_editor"}}, {"model": "auth.permission", "pk": 51, "fields": {"name": "Can delete editor", "content_type": 13, "codename": "delete_editor"}}, {"model": "auth.permission", "pk": 52, "fields": {"name": "Can view editor", "content_type": 13, "codename": "view_editor"}}, {"model": "auth.permission", "pk": 53, "fields": {"name": "Can add user", "content_type": 14, "codename": "add_user"}}, {"model": "auth.permission", "pk": 54, "fields": {"name": "Can change user", "content_type": 14, "codename": "change_user"}}, {"model": "auth.permission", "pk": 55, "fields": {"name": "Can delete user", "content_type": 14, "codename": "delete_user"}}, {"model": "auth.permission", "pk": 56, "fields": {"name": "Can view user", "content_type": 14, "codename": "view_user"}}, {"model": "auth.permission", "pk": 57, "fields": {"name": "Can add site", "content_type": 15, "codename": "add_site"}}, {"model": "auth.permission", "pk": 58, "fields": {"name": "Can change site", "content_type": 15, "codename": "change_site"}}, {"model": "auth.permission", "pk": 59, "fields": {"name": "Can delete site", "content_type": 15, "codename": "delete_site"}}, {"model": "auth.permission", "pk": 60, "fields": {"name": "Can view site", "content_type": 15, "codename": "view_site"}}, {"model": "auth.permission", "pk": 61, "fields": {"name": "Can add email address", "content_type": 16, "codename": "add_emailaddress"}}, {"model": "auth.permission", "pk": 62, "fields": {"name": "Can change email address", "content_type": 16, "codename": "change_emailaddress"}}, {"model": "auth.permission", "pk": 63, "fields": {"name": "Can delete email address", "content_type": 16, "codename": "delete_emailaddress"}}, {"model": "auth.permission", "pk": 64, "fields": {"name": "Can view email address", "content_type": 16, "codename": "view_emailaddress"}}, {"model": "auth.permission", "pk": 65, "fields": {"name": "Can add email confirmation", "content_type": 17, "codename": "add_emailconfirmation"}}, {"model": "auth.permission", "pk": 66, "fields": {"name": "Can change email confirmation", "content_type": 17, "codename": "change_emailconfirmation"}}, {"model": "auth.permission", "pk": 67, "fields": {"name": "Can delete email confirmation", "content_type": 17, "codename": "delete_emailconfirmation"}}, {"model": "auth.permission", "pk": 68, "fields": {"name": "Can view email confirmation", "content_type": 17, "codename": "view_emailconfirmation"}}, {"model": "auth.permission", "pk": 69, "fields": {"name": "Can add social account", "content_type": 18, "codename": "add_socialaccount"}}, {"model": "auth.permission", "pk": 70, "fields": {"name": "Can change social account", "content_type": 18, "codename": "change_socialaccount"}}, {"model": "auth.permission", "pk": 71, "fields": {"name": "Can delete social account", "content_type": 18, "codename": "delete_socialaccount"}}, {"model": "auth.permission", "pk": 72, "fields": {"name": "Can view social account", "content_type": 18, "codename": "view_socialaccount"}}, {"model": "auth.permission", "pk": 73, "fields": {"name": "Can add social application", "content_type": 19, "codename": "add_socialapp"}}, {"model": "auth.permission", "pk": 74, "fields": {"name": "Can change social application", "content_type": 19, "codename": "change_socialapp"}}, {"model": "auth.permission", "pk": 75, "fields": {"name": "Can delete social application", "content_type": 19, "codename": "delete_socialapp"}}, {"model": "auth.permission", "pk": 76, "fields": {"name": "Can view social application", "content_type": 19, "codename": "view_socialapp"}}, {"model": "auth.permission", "pk": 77, "fields": {"name": "Can add social application token", "content_type": 20, "codename": "add_socialtoken"}}, {"model": "auth.permission", "pk": 78, "fields": {"name": "Can change social application token", "content_type": 20, "codename": "change_socialtoken"}}, {"model": "auth.permission", "pk": 79, "fields": {"name": "Can delete social application token", "content_type": 20, "codename": "delete_socialtoken"}}, {"model": "auth.permission", "pk": 80, "fields": {"name": "Can view social application token", "content_type": 20, "codename": "view_socialtoken"}}, {"model": "contenttypes.contenttype", "pk": 1, "fields": {"app_label": "admin", "model": "logentry"}}, {"model": "contenttypes.contenttype", "pk": 2, "fields": {"app_label": "auth", "model": "permission"}}, {"model": "contenttypes.contenttype", "pk": 3, "fields": {"app_label": "auth", "model": "group"}}, {"model": "contenttypes.contenttype", "pk": 4, "fields": {"app_label": "contenttypes", "model": "contenttype"}}, {"model": "contenttypes.contenttype", "pk": 5, "fields": {"app_label": "sessions", "model": "session"}}, {"model": "contenttypes.contenttype", "pk": 6, "fields": {"app_label": "posts", "model": "editor"}}, {"model": "contenttypes.contenttype", "pk": 7, "fields": {"app_label": "posts", "model": "post_bootscamp"}}, {"model": "contenttypes.contenttype", "pk": 8, "fields": {"app_label": "posts", "model": "tag"}}, {"model": "contenttypes.contenttype", "pk": 9, "fields": {"app_label": "posts", "model": "post_image"}}, {"model": "contenttypes.contenttype", "pk": 10, "fields": {"app_label": "posts", "model": "post_community"}}, {"model": "contenttypes.contenttype", "pk": 11, "fields": {"app_label": "posts", "model": "community_image"}}, {"model": "contenttypes.contenttype", "pk": 12, "fields": {"app_label": "posts", "model": "comment"}}, {"model": "contenttypes.contenttype", "pk": 13, "fields": {"app_label": "accounts", "model": "editor"}}, {"model": "contenttypes.contenttype", "pk": 14, "fields": {"app_label": "accounts", "model": "user"}}, {"model": "contenttypes.contenttype", "pk": 15, "fields": {"app_label": "sites", "model": "site"}}, {"model": "contenttypes.contenttype", "pk": 16, "fields": {"app_label": "account", "model": "emailaddress"}}, {"model": "contenttypes.contenttype", "pk": 17, "fields": {"app_label": "account", "model": "emailconfirmation"}}, {"model": "contenttypes.contenttype", "pk": 18, "fields": {"app_label": "socialaccount", "model": "socialaccount"}}, {"model": "contenttypes.contenttype", "pk": 19, "fields": {"app_label": "socialaccount", "model": "socialapp"}}, {"model": "contenttypes.contenttype", "pk": 20, "fields": {"app_label": "socialaccount", "model": "socialtoken"}}, {"model": "sessions.session", "pk": "3qqaurknz6r8z95ilmij3z4flz8p2lmp", "fields": {"session_data": ".eJxVzMEOwiAQBNB_4WwIAi2LR-9-A9llqVQNJKU9Gf9dmvSg15k38xYBtzWHraUlzCwuAsTpNyOMz1T2gh9Y7lXGWtZlJrkTebRN3iqn1_WwfwcZW-5rVNalzgdkr01U3jGAtsmywzhFZdgCWkOAo9PqTARODyNPBN34pMTnC_r9ODY:1q9M1k:KLPFafd84CjkBXLzScQ003xpwjSoZ5hOcAOCTvfFtLc", "expire_date": "2023-06-28T08:38:52.895Z"}}, {"model": "posts.tag", "pk": 1, "fields": {"name": "백엔드"}}, {"model": "posts.tag", "pk": 2, "fields": {"name": "AI"}}, {"model": "posts.tag", "pk": 3, "fields": {"name": "DB"}}, {"model": "posts.tag", "pk": 4, "fields": {"name": "python"}}, {"model": "posts.tag", "pk": 5, "fields": {"name": "algorithm"}}, {"model": "posts.tag", "pk": 6, "fields": {"name": "자바"}}, {"model": "posts.tag", "pk": 7, "fields": {"name": "SQL"}}, {"model": "posts.tag", "pk": 8, "fields": {"name": "ChatBot"}}, {"model": "posts.tag", "pk": 9, "fields": {"name": "데이터"}}, {"model": "posts.tag", "pk": 10, "fields": {"name": "Node.js"}}, {"model": "posts.tag", "pk": 11, "fields": {"name": "React"}}, {"model": "posts.tag", "pk": 12, "fields": {"name": "Django"}}, {"model": "posts.post_bootscamp", "pk": 1, "fields": {"user": 1, "title": "[멀티잇]AI 백엔드 개발자 취업캠프(Python)", "url": "www.hrd.go.kr/hrdp/co/pcoeo/PCOEO0200T.do?keyword=멀티캠퍼스&dmdr=0&_csrf=4bebb294-a862-454b-bd4a-052f3fe99f03", "start_data1": "2023-06-26", "end_data": "2023-12-13", "start_data2": "2023-06-26", "time": "월,화,수,목,금/09~18시", "people": "48", "class_method": "홈페이지에서 확인해주세요.", "equipment": "홈페이지에서 확인해주세요.", "onoff": "홈페이지에서 확인해주세요.", "location": "(06220) 서울특별시 강남구 테헤란로 212 (역삼동 멀티캠퍼스) 2~3각층 전체, 5~17각층 전체", "content": "(기본)\r\n1) 대한민국 국적 청년구직자 중 내일배움카드 발급 가능자\r\n2) 주중 9~18시 전일 수업 참여가 가능한자\r\n(우대)\r\n1) 유관 전공자\r\n- 전산학/컴퓨터공학, (응용)소프트웨어공학, 정보통신/모바일공학, 산업공학/경영정보학, 전자공학/전기공학, 정보보호(보안) 학과\r\n- 이 외 IT 관련학과\r\n2) IT 관련 국가기술자격 보유자\r\n- 기타 자체 심의를 통하여 국가기술 자격에 준하는 자격증 취득자 (ex. 정보처리기사, 정보처리산업기사 등)\r\n3) 위 1)번에 해당하지 않는 전공자 중 교육과정 유관직무 재직자 혹은 소프트웨어 개발 직무경력 6개월 이상인 자\r\n4) 공공·민간 SW 아카데미 교육수료생\r\n※ 전공, 기술자격증, 재직증명서, 교육 수료증 제출 등 증명 가능한 경우에만 가산점 부여", "price": "무료", "card": "내일배움 카드필요해요", "tags": [1, 2, 3, 4, 5], "like_users": []}}, {"model": "posts.post_bootscamp", "pk": 2, "fields": {"user": 1, "title": "[멀티잇]백엔드 개발자 취업캠프(Java)", "url": "www.hrd.go.kr/hrdp/co/pcobo/PCOBO0100P.do?tracseId=AIG20220000409326&tracseTme=15&crseTracseSe=C0061&trainstCstmrId=500020039927#undefined", "start_data1": "2023-06-26", "end_data": "2023-11-14", "start_data2": "2023-06-26", "time": "월,화,수,목,금/09~18시", "people": "55", "class_method": "홈페이지에서 확인해주세요.", "equipment": "홈페이지에서 확인해주세요.", "onoff": "홈페이지에서 확인해주세요.", "location": "(06220) 서울특별시 강남구 테헤란로 212 (역삼동 멀티캠퍼스) 2~3각층 전체, 5~17각층 전체 ", "content": "(기본)\r\n1) 대한민국 국적 청년구직자 중 내일배움카드 발급 가능자\r\n2) 주중 9~18시 전일 수업 참여가 가능한자", "price": "0", "card": "내일배움 카드필요해요", "tags": [1, 5, 6, 7, 8], "like_users": []}}, {"model": "posts.post_bootscamp", "pk": 3, "fields": {"user": 1, "title": "[멀티잇]데이터 분석&엔지니어 취업캠프(Python)", "url": "www.hrd.go.kr/hrdp/co/pcobo/PCOBO0100P.do?tracseId=AIG20210000314466&tracseTme=28&crseTracseSe=C0061&trainstCstmrId=500020039927#undefined", "start_data1": "2023-06-26", "end_data": "2023-12-05", "start_data2": "2023-06-26", "time": "월,화,수,목,금/09~18시", "people": "28", "class_method": "홈페이지에서 확인해주세요.", "equipment": "홈페이지에서 확인해주세요.", "onoff": "홈페이지에서 확인해주세요.", "location": "(06220) 서울특별시 강남구 테헤란로 212 (역삼동 멀티캠퍼스) 2~3각층 전체, 5~17각층 전체", "content": "\t- 대한민국 국적 청년구직자 및 재직자\r\n- 데이터 분석가, 데이터 엔지니어를 목표로 하는 자", "price": "0", "card": "내일배움 카드필요해요", "tags": [4, 5, 9], "like_users": []}}, {"model": "posts.post_bootscamp", "pk": 4, "fields": {"user": 1, "title": "[멀티잇]데이터 시각화&분석 취업캠프(Python)", "url": "www.hrd.go.kr/hrdp/co/pcobo/PCOBO0100P.do?tracseId=AIG20220000366743&tracseTme=5&crseTracseSe=C0061&trainstCstmrId=500020039927#undefined", "start_data1": "2023-06-26", "end_data": "2023-12-11", "start_data2": "2023-06-26", "time": "월,화,수,목,금/09~18시", "people": "50", "class_method": "홈페이지에서 확인해주세요.", "equipment": "홈페이지에서 확인해주세요.", "onoff": "홈페이지에서 확인해주세요.", "location": "(06220) 서울특별시 강남구 테헤란로 212 (역삼동 멀티캠퍼스) 2~3각층 전체, 5~17각층 전체", "content": "\t- 관련전공: 무관 (IT분야 전공자 우대)\r\n- 선수학습: 무관 (SW 교육 이수자 우대)\r\n- 직무경력: 무관 (IT분야 경험자 우대)\r\n- 기취득자격: 무관 (관련 자격증 보유자 우대)", "price": "0", "card": "내일배움 카드필요해요", "tags": [2, 4, 9], "like_users": []}}, {"model": "posts.post_bootscamp", "pk": 5, "fields": {"user": 1, "title": "[멀티잇]프론트엔드 개발자 취업캠프(Python)", "url": "www.hrd.go.kr/hrdp/co/pcobo/PCOBO0100P.do?tracseId=AIG20230000412670&tracseTme=2&crseTracseSe=C0061&trainstCstmrId=500020039927#undefined", "start_data1": "2023-06-26", "end_data": "2023-11-06", "start_data2": "2023-06-26", "time": "월,화,수,목,금/09~18시", "people": "48", "class_method": "홈페이지에서 확인해주세요.", "equipment": "홈페이지에서 확인해주세요.", "onoff": "홈페이지에서 확인해주세요.", "location": " (06220) 서울특별시 강남구 테헤란로 212 (역삼동 멀티캠퍼스) 2~3각층 전체, 5~17각층 전체", "content": "\t(기본)\r\n1) 대한민국 국적 청년구직자 중 내일배움카드 발급 가능자\r\n2) 주중 9~18시 전일 수업 참여가 가능한 자\r\n3) 고등학교, 대학(원) 졸업 후 미취업자\r\n4) '23년 8월 졸업예정자\r\n5) 대학 재/휴학생(졸업 수업연한이 2년 이내)", "price": "0", "card": "내일배움 카드필요해요", "tags": [3, 4, 5, 10, 11], "like_users": []}}, {"model": "posts.post_bootscamp", "pk": 6, "fields": {"user": 1, "title": "[멀티잇]풀스택 개발자 취업캠프(Python)", "url": "www.hrd.go.kr/hrdp/co/pcobo/PCOBO0100P.do?tracseId=AIG20220000366729&tracseTme=7&crseTracseSe=C0061&trainstCstmrId=500020039927#undefined", "start_data1": "2023-07-17", "end_data": "2024-01-11", "start_data2": "2023-07-17", "time": "월,화,수,목,금/09~18시", "people": "55", "class_method": "홈페이지에서 확인해주세요.", "equipment": "홈페이지에서 확인해주세요.", "onoff": "온라인", "location": "(06220) 서울특별시 강남구 테헤란로 212 (역삼동 멀티캠퍼스) 2~3각층 전체, 5~17각층 전체", "content": "- 관련전공: 무관 (IT분야 전공자 우대)\r\n- 선수학습: 무관 (SW 교육 이수자 우대)\r\n- 직무경력: 무관 (IT분야 경험자 우대)\r\n- 기취득자격: 무관 (관련 자격증 보유자 우대)", "price": "0", "card": "내일배움 카드필요해요", "tags": [1, 4, 5, 12], "like_users": []}}, {"model": "posts.post_community", "pk": 4, "fields": {"user": 2, "title": "선배님들 한번만 읽어주시고 조언부탁드립니다", "category": "자유", "content": "<p>&nbsp;</p>\r\n\r\n<p>바쁘시겠지만 한번만 읽어주시고 조언 한마디씩 부탁드립니다 본문이 길면 아래쪽에 요약이라도 한번만 읽어주세요...</p>\r\n\r\n<p>&nbsp;</p>\r\n\r\n<p>*본문* 안녕하세요 저는 이제 입사한지 1년정도 된 주니어 개발자입니다.</p>\r\n\r\n<p>전 개발과 상관없는 학과를 나와서 국비학원을 통해 중소기업에 취업한 케이스인데요. 현재 회사는 제가 몸담고 있는 지역에선 나름 규모도 크고 급여또한 평균 이상입니다.</p>\r\n\r\n<p>그런데 문제는 일이 없습니다.. 작년에 입사하고부터 현재 지금까지 일이 없어서 매일 모니터만 바라보다 퇴근을 합니다. 가끔 있던 일이라고는 가벼운 문서작업 정도.. 일을 달라고 상담도 몇번 한적 있지만 나아지는 게 없습니다</p>\r\n\r\n<p>&nbsp;</p>\r\n\r\n<p>매일매일 8시간동안 멍때리는 기간이 길어지면 길어질수록 제가 여기에 왜 앉아있는건지, 같이 공부하던 학원동기들은 이제 저보다 얼마나 앞서있을지 등등을 생각하며 극심한 우울감과 무기력함에 허우적거리고 있습니다..</p>\r\n\r\n<p>(저뿐만 아니라 사무실 전체가 다들 일이없는지 항상 놀자판입니다 다들 휴대폰 보거나, 자거나 수다타임..)</p>\r\n\r\n<p>이래선 안되겠다싶어, 최근들어 집에서라도 개발공부를 하고자 새벽까지 공부하다 잠이 듭니다. 그런데 자꾸만 이미 망해버렸다는 생각이 들어 너무나도 두렵고 불안합니다.. 지난 1년간 이 회사를 다니면서 뭘 믿고 공부를 안해뒀는지 제 자신이 너무 밉고 뒤늦게나마 공부와 개인 프로젝트 등으로 포폴을 채우려 노력중이지만 이미 1년을 버렸다는 사실에 마음이 너무나도 조급하네요...</p>\r\n\r\n<p>&nbsp;</p>", "views": 5, "create_at": "2023-06-14T08:29:58.315Z", "like_user": [2]}}, {"model": "posts.post_community", "pk": 5, "fields": {"user": 2, "title": "이력서를 보는데 슬퍼지네여", "category": "자유", "content": "올해 인턴을 뽑는데 예년보다 많은 지원자가 있네요  작년에는 10명 안쪽으로 지원하였는데 올해는 무려 40명이 넘게 지원하였습니다\r\n\r\n나이도 다양하구 학교도 다양하고 대충쓴 이력서도 있고 자유롭게 찍은 사진도 있고 다양한데\r\n\r\n이력서 포트폴리오 깃을 보고있으면 이 친구들이 얼마나 열심히 살있는지 보게되네요\r\n\r\n저 입사할때만해도 이정도 깃도없었을… 이러면 나무 오래된 사람처럼 보이네요… 암튼 \r\n\r\n다양한 부분에서 열심히 살아온 흔적이 보이는데 누구한명을 고르고 나머지 전부를 떨어뜨려야하는 정말 열심히 작성했을 이력서를 보고 서류를 떨어뜨릴때 마음이 아프네요", "views": 1, "create_at": "2023-06-14T08:31:45.520Z", "like_user": [2]}}, {"model": "posts.post_community", "pk": 6, "fields": {"user": 2, "title": "회사가 사람을 마구 뽑았고, 저는 일이 없어요..", "category": "자유", "content": "그런데 이 회사 리더들이..\r\n그냥 회사돈 쓰는것이지 방향이나 플랜 생각이 없어서, 사람 쌓아 올리듯이 필요 이상의 사람들을 뽑아댔습니다.. 처음 입사하고서도 팀 구성 명수 보고 희한하다 했는데, 점점 더 티가 나네요.", "views": 3, "create_at": "2023-06-14T08:32:22.733Z", "like_user": [2, 3]}}, {"model": "posts.post_community", "pk": 7, "fields": {"user": 3, "title": "중고신입 면접 질문 ! ㅠㅠ", "category": "자유", "content": "안녕하세요\r\n\r\n중견기업 엔지니어 직무로 중고신입 1차면접을 합격했습니다.\r\n\r\n2차면접은 간단하게 팀장님과 1대1로 인터뷰 형식으로 진행된다고 안내 받았습니다.\r\n\r\n서로 궁금한걸 물어보고 질문을 많이 하게될 자리라고 하는데 이런경우 2차는 형식적으로 진행되는걸까요?\r\n(물론 준비는 열심히 할 거지만 아직 이직이 처음인지라...)\r\n\r\n마음 편히 먹고 물어볼거 다 물어볼지, 좀 진지하게 질문 잘 선정해서 가야할지 조언 부탁드립니다 ㅠ", "views": 2, "create_at": "2023-06-14T08:33:25.978Z", "like_user": []}}, {"model": "posts.post_community", "pk": 8, "fields": {"user": 3, "title": "고민이 생겼습니다.", "category": "자유", "content": "이 회사에 몸담고 10년 넘게 해온 A업무가 있는데, 추가로 B업무를 맡게 되면서 A업무를 병행하면서 B업무도 동시에 하고 싶었으나 위에서는 A업무를 다른 직원에게 주고 B업무에 집중을 하길 바라고 있습니다. 이 직원에게 A업무를 주면 전 인수인계를 해야하고 원치않는 인수인계를 하게 되면서 오히려 업무가 더 늘어나게 되면서 더 부담이 되어버린 상황입니다. 앞으로 할 수 있는 한 능력껏 이 회사업무 전체를 다 가져와서 혼자서 다 해버리고 싶은 욕심이 강했는데 제가 너무 이기적인 건가요.. 한개의 업무도 제대로 하기 싫어하는 직원들이 싫어서 그럼 하지마 내가 다 한다 라는 마음으로 덤볐는데 직원들 눈에는 제가 가싯거리로 보이겠죠.. 여유도 없이 일하지만 회사에서 인정받고 싶은 마음이 커서 잘하고 있던 A업무도 놓지고 싶지가 않네요..\r\n조언 좀 부탁드립니다..", "views": 1, "create_at": "2023-06-14T08:35:20.711Z", "like_user": [3]}}, {"model": "posts.post_community", "pk": 9, "fields": {"user": 4, "title": "Django 매력있을까요?", "category": "Django", "content": "취업시장이 너무 좁아요 ㅠㅜㅠ", "views": 5, "create_at": "2023-06-14T08:36:26.390Z", "like_user": [4, 8]}}, {"model": "posts.post_community", "pk": 10, "fields": {"user": 5, "title": "프론트앤드 너무 힘드네요", "category": "프론트앤드", "content": "백엔드보다 쉬울줄알고 진입했지만 여기도 만만치않네요", "views": 4, "create_at": "2023-06-14T08:37:08.669Z", "like_user": []}}, {"model": "posts.post_community", "pk": 11, "fields": {"user": 6, "title": "대기업 연봉 도대체 얼마인건가요?", "category": "자유", "content": "톱10 그룹사에 3년차 경력이직하면 6천에 가까운가요 8천에 가까운가요? \r\n\r\n전자면 굳이 갈 필요성을 못느껴서 올려봅니다. 연봉상승률이 중소와 같다고 하시는 분들도 계시고 블라에 인센 미포함 기본급만 7-8천이라는 분들도 계셔서요.", "views": 1, "create_at": "2023-06-14T08:37:44.596Z", "like_user": []}}, {"model": "posts.post_community", "pk": 12, "fields": {"user": 7, "title": "26살 남자 백엔드 개발자", "category": "자유", "content": "현재 회사에 만족하고 사람도 좋습니다.\r\n소소한 팁 한줄 적어주신다면 귀담아 듣겠습니다. 감사합니다.", "views": 1, "create_at": "2023-06-14T08:38:39.982Z", "like_user": [7]}}, {"model": "posts.comment", "pk": 2, "fields": {"post": 6, "user": 3, "content": "떄려치세요", "create_at": "2023-06-14T08:32:54.202Z"}}, {"model": "posts.comment", "pk": 3, "fields": {"post": 10, "user": 8, "content": "ㄹㅇ개빡샙니다\r\n", "create_at": "2023-06-14T08:39:03.841Z"}}, {"model": "posts.comment", "pk": 4, "fields": {"post": 9, "user": 8, "content": "저도 너무 고민", "create_at": "2023-06-14T08:39:14.905Z"}}, {"model": "posts.post_image", "pk": 1, "fields": {"post": 1, "post_image": ""}}, {"model": "posts.post_image", "pk": 2, "fields": {"post": 2, "post_image": ""}}, {"model": "posts.post_image", "pk": 3, "fields": {"post": 3, "post_image": ""}}, {"model": "posts.post_image", "pk": 4, "fields": {"post": 4, "post_image": ""}}, {"model": "posts.post_image", "pk": 5, "fields": {"post": 5, "post_image": ""}}, {"model": "posts.post_image", "pk": 6, "fields": {"post": 6, "post_image": ""}}, {"model": "posts.community_image", "pk": 6, "fields": {"community_post": 4, "community_image": ""}}, {"model": "posts.community_image", "pk": 7, "fields": {"community_post": 4, "community_image": ""}}, {"model": "posts.community_image", "pk": 8, "fields": {"community_post": 4, "community_image": ""}}, {"model": "posts.community_image", "pk": 9, "fields": {"community_post": 4, "community_image": ""}}, {"model": "posts.community_image", "pk": 10, "fields": {"community_post": 5, "community_image": ""}}, {"model": "posts.community_image", "pk": 11, "fields": {"community_post": 6, "community_image": ""}}, {"model": "posts.community_image", "pk": 12, "fields": {"community_post": 7, "community_image": ""}}, {"model": "posts.community_image", "pk": 13, "fields": {"community_post": 8, "community_image": ""}}, {"model": "posts.community_image", "pk": 14, "fields": {"community_post": 9, "community_image": ""}}, {"model": "posts.community_image", "pk": 15, "fields": {"community_post": 10, "community_image": ""}}, {"model": "posts.community_image", "pk": 16, "fields": {"community_post": 11, "community_image": ""}}, {"model": "posts.community_image", "pk": 17, "fields": {"community_post": 12, "community_image": ""}}, {"model": "accounts.user", "pk": 1, "fields": {"password": "pbkdf2_sha256$260000$mK4A38jiF6RhjL9TKtnBnL$ssxMvrr+WPqyufogtxbeNfkIanaoy48MB21+4sojSIg=", "last_login": "2023-06-14T05:51:33.688Z", "is_superuser": true, "username": "admin", "first_name": "", "last_name": "", "email": "", "is_staff": true, "is_active": true, "date_joined": "2023-06-14T05:51:19.287Z", "nickname": "", "level": 1, "experience": 3, "image": "", "groups": [], "user_permissions": []}}, {"model": "accounts.user", "pk": 2, "fields": {"password": "pbkdf2_sha256$260000$4uX4qZgJe95Ma2L74cLLNp$EsyLqhGSP6ES7lvkkfTVI5ruLuaTSJ0+GyEH1emekzI=", "last_login": "2023-06-14T08:27:13.135Z", "is_superuser": false, "username": "tester001", "first_name": "", "last_name": "", "email": "", "is_staff": false, "is_active": true, "date_joined": "2023-06-14T07:59:00Z", "nickname": "티노티노", "level": 1, "experience": 4, "image": "", "groups": [], "user_permissions": []}}, {"model": "accounts.user", "pk": 3, "fields": {"password": "pbkdf2_sha256$260000$goVgQUOywHMVaJBmrgFEHs$9JYVwTagfs/HOtqcTf00CynGIgb+q5BgDSJOxvXiFO0=", "last_login": "2023-06-14T08:32:42.891Z", "is_superuser": false, "username": "tester002", "first_name": "", "last_name": "", "email": "", "is_staff": false, "is_active": true, "date_joined": "2023-06-14T07:59:36Z", "nickname": "알수가없넹", "level": 1, "experience": 3, "image": "", "groups": [], "user_permissions": []}}, {"model": "accounts.user", "pk": 4, "fields": {"password": "pbkdf2_sha256$260000$tkiVHg9iBDgur3xxk3Kzq2$Gfaci+4GvCGHRl9wFXj420IZnLbdNm1KOZvctx4Ukd8=", "last_login": "2023-06-14T08:36:03.319Z", "is_superuser": false, "username": "tester003", "first_name": "", "last_name": "", "email": "", "is_staff": false, "is_active": true, "date_joined": "2023-06-14T07:59:55Z", "nickname": "호이파파", "level": 1, "experience": 1, "image": "", "groups": [], "user_permissions": []}}, {"model": "accounts.user", "pk": 5, "fields": {"password": "pbkdf2_sha256$260000$0qW3lQLJYNkETekuPn1voF$3ICzuupXDf/GYmr32E728KvXnmkXfK9rZZv6JylWs10=", "last_login": "2023-06-14T08:36:47.915Z", "is_superuser": false, "username": "tester004", "first_name": "", "last_name": "", "email": "", "is_staff": false, "is_active": true, "date_joined": "2023-06-14T08:00:05Z", "nickname": "뇌를썰어", "level": 1, "experience": 1, "image": "", "groups": [], "user_permissions": []}}, {"model": "accounts.user", "pk": 6, "fields": {"password": "pbkdf2_sha256$260000$locKkKwp8hmwABzvnS9TYJ$7l/MKwM78aYacLXUtzA+dsK40vPG0unj6GbeddcrwUI=", "last_login": "2023-06-14T08:37:26.349Z", "is_superuser": false, "username": "tester005", "first_name": "", "last_name": "", "email": "", "is_staff": false, "is_active": true, "date_joined": "2023-06-14T08:00:20Z", "nickname": "팥도너츠", "level": 1, "experience": 1, "image": "", "groups": [], "user_permissions": []}}, {"model": "accounts.user", "pk": 7, "fields": {"password": "pbkdf2_sha256$260000$uubK1P79BqfZdTAsd12202$8RNGoLFoTcpgvmWzQ1y80Ih409FYY53WQuFy1tiJVQI=", "last_login": "2023-06-14T08:38:14.634Z", "is_superuser": false, "username": "tester006", "first_name": "", "last_name": "", "email": "", "is_staff": false, "is_active": true, "date_joined": "2023-06-14T08:00:31Z", "nickname": "EAFA", "level": 1, "experience": 1, "image": "", "groups": [], "user_permissions": []}}, {"model": "accounts.user", "pk": 8, "fields": {"password": "pbkdf2_sha256$260000$SLFY0MLOx6OfZHZOua0or7$5PXgZoWV5ZZud1FtzpgiGrFHyCv1Sx4v2PSTo+OVjM0=", "last_login": "2023-06-14T08:38:52.890Z", "is_superuser": false, "username": "tester007", "first_name": "", "last_name": "", "email": "", "is_staff": false, "is_active": true, "date_joined": "2023-06-14T08:00:41Z", "nickname": "starwar", "level": 1, "experience": 2, "image": "", "groups": [], "user_permissions": []}}, {"model": "accounts.user", "pk": 9, "fields": {"password": "pbkdf2_sha256$260000$u6ElKgX7WcoOX5A31LOIaX$dO/sMnIW768cZP2gjkJZe1inWRVMksgbDm6OwFxm78k=", "last_login": null, "is_superuser": false, "username": "tester008", "first_name": "", "last_name": "", "email": "", "is_staff": false, "is_active": true, "date_joined": "2023-06-14T08:00:49Z", "nickname": "즐거운도비", "level": 1, "experience": 0, "image": "", "groups": [], "user_permissions": []}}, {"model": "accounts.user", "pk": 10, "fields": {"password": "pbkdf2_sha256$260000$WS5fj1Oe0xV3KGazyxqZ21$IelRTaBCRMW+4eJwhWyhcHCLHj/5eMBm1VJZ3xWy3ic=", "last_login": null, "is_superuser": false, "username": "tester009", "first_name": "", "last_name": "", "email": "", "is_staff": false, "is_active": true, "date_joined": "2023-06-14T08:01:00Z", "nickname": "ruruni", "level": 1, "experience": 0, "image": "", "groups": [], "user_permissions": []}}, {"model": "accounts.user", "pk": 11, "fields": {"password": "pbkdf2_sha256$260000$WFZTne9k5lpCRWQkRbx5MC$fk78pyjIeL8J4FVPNYkT3xAmJjdhNS5xOEtaHgtEA0g=", "last_login": null, "is_superuser": false, "username": "tester010", "first_name": "", "last_name": "", "email": "", "is_staff": false, "is_active": true, "date_joined": "2023-06-14T08:01:09Z", "nickname": "다시신입", "level": 1, "experience": 0, "image": "", "groups": [], "user_permissions": []}}, {"model": "sites.site", "pk": 1, "fields": {"domain": "example.com", "name": "example.com"}}]